{"cameraMode":{"drawMode":0,"name":"Shaded","section":"Shading Mode"},"sceneLighting":true,"audioPlay":false,"sceneViewState":{"m_AlwaysRefresh":false,"showFog":true,"showSkybox":true,"showFlares":true,"showImageEffects":true,"showParticleSystems":true,"showVisualEffectGraphs":true,"m_FxEnabled":true},"in2DMode":false,"pivot":{"x":-4.222463130950928,"y":0.9368038177490234,"z":0.7854938507080078},"rotation":{"x":-0.440616637468338,"y":0.011294649913907051,"z":-0.0055799949914216999,"w":-0.8976418375968933},"size":15.026756286621094,"orthographic":false}